timestamp,id_metrica,numero_medida,valor
519851340,12,1,24.616804226274184
519851346,12,2,9.6007240769009
519851352,12,3,27.9627257733569
519851358,12,4,23.655825355435876
519851364,12,5,30.907556369310335
519851370,12,6,23.559072213779466
519851376,12,7,35.828593962301504
519851382,12,8,20.28065312800463
519851388,12,9,18.61320465729062
519851394,12,10,-1.3194449474621255
519851400,12,11,41.7258453634836
519851406,12,12,19.783213269573995
519851412,12,13,23.58069596933307
519851418,12,14,31.30590338566211
519851424,12,15,26.28168056364726
519851430,12,16,30.79756435027908
519851436,12,17,38.38072272998971
519851442,12,18,28.906331106047546
519851448,12,19,30.76904560982158
519851454,12,20,33.905823389252014
519851460,12,21,20.746537799990122
519851466,12,22,14.77450549304766
519851472,12,23,16.573787231037695
519851478,12,24,15.021441767112538
519851484,12,25,11.859353886756203
519851490,12,26,24.25815089282382
519851496,12,27,34.88704906615423
519851502,12,28,31.137476468061017
519851508,12,29,36.42820074900014
519851514,12,30,16.950941943080622
519851520,12,31,14.882797965776767
519851526,12,32,23.0527158821584
519851532,12,33,6.976035201837212
519851538,12,34,33.938207083465294
519851544,12,35,17.75935831921465
519851550,12,36,23.819618856215737
519851556,12,37,40.892839417746416
519851562,12,38,13.427585800102506
519851568,12,39,36.984296737912686
519851574,12,40,36.75280714690794
519851580,12,41,26.22398217883874
519851586,12,42,21.39689805787492
519851592,12,43,39.64930043814479
519851598,12,44,13.531276455583988
519851604,12,45,15.53974444167972
519851610,12,46,29.330656595754526
519851616,12,47,29.769413001046107
519851622,12,48,24.759823098588516
519851628,12,49,25.039376549056612
519851634,12,50,13.767090063688887
519851640,12,51,12.93448789412842
519851646,12,52,48.2658097603246
519851652,12,53,18.936565689643444
519851658,12,54,6.37444851921867
519851664,12,55,20.304014297919707
519851670,12,56,20.930804575311853
519851676,12,57,23.173311126886784
519851682,12,58,27.651527174498934
519851688,12,59,43.4624758194754
519851694,12,60,18.88908697394339
519851700,12,61,28.87520430198457
519851706,12,62,14.843138981223667
519851712,12,63,29.296139600602444
519851718,12,64,30.015088310798298
519851724,12,65,30.864873426801452
519851730,12,66,36.69818085664186
519851736,12,67,38.30769865200193
519851742,12,68,31.431543558193436
519851748,12,69,35.040790566471586
519851754,12,70,35.100658431836344
519851760,12,71,31.583941929280904
519851766,12,72,27.593690521741536
519851772,12,73,30.14478735826901
519851778,12,74,18.14730423312939
519851784,12,75,11.891226823373687
519851790,12,76,11.985797155049866
519851796,12,77,39.670837121515355
519851802,12,78,48.05432310524144
519851808,12,79,29.122713918157825
519851814,12,80,22.41568008700846
519851820,12,81,28.605120725744314
519851826,12,82,17.47858417769408
519851832,12,83,18.63482590966668
519851838,12,84,23.096048099705904
519851844,12,85,18.170798901434566
519851850,12,86,25.79308260768378
519851856,12,87,30.95015884022522
519851862,12,88,29.261505019961174
519851868,12,89,16.149696412199862
519851874,12,90,20.944983085529728
519851880,12,91,25.52038212427655
519851886,12,92,22.33477353593502
519851892,12,93,3.7787910705637424
519851898,12,94,31.84876771704401
519851904,12,95,10.516314358648891
519851910,12,96,22.70425623634871
519851916,12,97,20.839549529145167
519851922,12,98,0.6009494360309411
519851928,12,99,16.365781076269155
519851934,12,100,44.995782615055305
519851940,12,101,32.08010639813663
519851946,12,102,23.912117256492447
519851952,12,103,31.63848025218755
519851958,12,104,23.503767604907022
519851964,12,105,34.5686317724187
519851970,12,106,40.204273948513425
519851976,12,107,38.17025451984359
519851982,12,108,25.16559514176337
519851988,12,109,10.510391265844023
519851994,12,110,22.684332903572457
519852000,12,111,16.83410039856123
519852006,12,112,35.99306044822654
519852012,12,113,25.64810276326706
519852018,12,114,18.768175344116152
519852024,12,115,15.460152128275698
519852030,12,116,17.383233297769692
519852036,12,117,31.94687871737377
519852042,12,118,29.481022297172373
519852048,12,119,11.054785316992211
519852054,12,120,30.564736431385857
519852060,12,121,6.835540577337457
519852066,12,122,27.46919356334342
519852072,12,123,33.819305112329424
519852078,12,124,21.34931311178682
519852084,12,125,32.146715341673534
519852090,12,126,14.433301060314193
519852096,12,127,13.709288901516146
519852102,12,128,25.384442433994714
519852108,12,129,40.035561398591106
519852114,12,130,29.856724244208877
519852120,12,131,18.777132971354337
519852126,12,132,34.96456703311182
519852132,12,133,32.95434215741029
519852138,12,134,28.646020821468024
519852144,12,135,22.867425907672988
519852150,12,136,23.7398918135946
519852156,12,137,27.762081147523233
519852162,12,138,15.890161102648179
519852168,12,139,36.59259425270598
519852174,12,140,9.208236027832934
519852180,12,141,26.948505632744723
519852186,12,142,19.456501398449333
519852192,12,143,44.63955082908196
519852198,12,144,23.980055322836787
519852204,12,145,17.937456660596737
519852210,12,146,24.817681588321104
519852216,12,147,25.646592264301493
519852222,12,148,19.076191979598054
519852228,12,149,20.48164603373312
519852234,12,150,9.809366266899735
519852240,12,151,-3.52373374498673
519852246,12,152,16.975348864817864
519852252,12,153,32.174514821825376
519852258,12,154,22.53837697957683
519852264,12,155,23.282333602338575
519852270,12,156,28.32817866727555
519852276,12,157,53.13681723209943
519852282,12,158,34.092220982744365
519852288,12,159,19.71464185196362
519852294,12,160,27.97637840806838
519852300,12,161,15.277375799459284
519852306,12,162,23.02725378502401
519852312,12,163,-0.636257545741544
519852318,12,164,15.879981806487155
519852324,12,165,26.30269062185534
519852330,12,166,39.03086923094288
519852336,12,167,22.90729211737507
519852342,12,168,26.625181642369224
519852348,12,169,23.084276313220478
519852354,12,170,26.110143808438025
519852360,12,171,34.942623789155455
519852366,12,172,35.89802089865067
519852372,12,173,16.725499986892025
519852378,12,174,17.33690645113464
519852384,12,175,28.638705855371892
519852390,12,176,30.813511900436346
519852396,12,177,21.750256660551763
519852402,12,178,23.681366521086932
519852408,12,179,19.83226410236268
519852414,12,180,22.676699620784994
519852420,12,181,10.128663514228197
519852426,12,182,23.788394787115017
519852432,12,183,29.86318408307851
519852438,12,184,26.768688649096845
519852444,12,185,24.675440796260652
519852450,12,186,27.65779971421953
519852456,12,187,18.239349443181432
519852462,12,188,16.97644540640735
519852468,12,189,27.770039068313107
519852474,12,190,9.283761090294888
519852480,12,191,20.669563823889167
519852486,12,192,20.971514041072897
519852492,12,193,18.93569617255213
519852498,12,194,34.571224296257775
519852504,12,195,27.733993925111818
519852510,12,196,31.485406256757038
519852516,12,197,23.472419021695558
519852522,12,198,9.022579491454813
519852528,12,199,17.583512924517223
519852534,12,200,10.111185717950917
519852540,12,201,37.26698847844027
519852546,12,202,41.992830207061246
519852552,12,203,6.643970416397198
519852558,12,204,22.34663031958301
519852564,12,205,30.166115707028872
519852570,12,206,31.331029767769614
519852576,12,207,30.724264657527893
519852582,12,208,29.030982359232635
519852588,12,209,38.53804267785932
519852594,12,210,16.363454267313333
519852600,12,211,15.94646496782875
519852606,12,212,5.367014624630083
519852612,12,213,23.470405997371916
519852618,12,214,18.402403624286965
519852624,12,215,38.18660350941542
519852630,12,216,29.63244160373203
519852636,12,217,14.572607356589755
519852642,12,218,28.00336437966109
519852648,12,219,32.548246115117614
519852654,12,220,24.23417237952103
519852660,12,221,10.03662651718912
519852666,12,222,21.677082157164666
519852672,12,223,24.080349250973125
519852678,12,224,10.945734759714767
519852684,12,225,36.40545786825526
519852690,12,226,11.269002897564896
519852696,12,227,19.742510718102697
519852702,12,228,28.41987582434995
519852708,12,229,22.704137448795773
519852714,12,230,37.34826032735558
519852720,12,231,46.64692208860484
519852726,12,232,30.23403638097325
519852732,12,233,24.241974929596523
519852738,12,234,37.248912817570734
519852744,12,235,31.836008973298213
519852750,12,236,16.51475319140237
519852756,12,237,26.401406083136834
519852762,12,238,28.46733933554204
519852768,12,239,31.017636126019102
519852774,12,240,2.7510113280723854
519852780,12,241,17.275802344093446
519852786,12,242,33.17705488797189
519852792,12,243,16.24144231721982
519852798,12,244,18.604220224995572
519852804,12,245,36.57577440772964
519852810,12,246,23.346851138206908
519852816,12,247,40.7515715302692
519852822,12,248,13.755203277584393
519852828,12,249,19.44585339094536
519852834,12,250,40.22223354980829
519852840,12,251,25.725120232574444
519852846,12,252,37.033204550825076
519852852,12,253,29.76722273794298
519852858,12,254,26.785667597525958
519852864,12,255,0.7128958161243579
519852870,12,256,28.166227691269786
519852876,12,257,16.230291661580857
519852882,12,258,40.551426336692785
519852888,12,259,33.45204787781677
519852894,12,260,13.539159499738535
519852900,12,261,21.061856203680108
519852906,12,262,25.61428396713712
519852912,12,263,35.720085618650856
519852918,12,264,50.562811252838515
519852924,12,265,22.759862922236376
519852930,12,266,29.593677719201715
519852936,12,267,34.8861726240906
519852942,12,268,10.658451165033318
519852948,12,269,37.46168780400291
519852954,12,270,32.102885945426706
519852960,12,271,21.958794080151378
519852966,12,272,17.848397368617995
519852972,12,273,19.226410080922808
519852978,12,274,18.147668385000337
519852984,12,275,22.71578920293195
519852990,12,276,28.764192972425775
519852996,12,277,18.64821328475398
519853002,12,278,27.19950117103276
519853008,12,279,26.490263173855276
519853014,12,280,21.541798105171278
519853020,12,281,17.889587337633344
519853026,12,282,29.630181906742187
519853032,12,283,16.831104360119976
519853038,12,284,24.24581302647112
519853044,12,285,17.681297167334392
519853050,12,286,29.442849078464867
519853056,12,287,28.146300399524023
519853062,12,288,31.565650896711997
519853068,12,289,18.454598650964993
519853074,12,290,15.795710499452827
519853080,12,291,33.80244890020676
519853086,12,292,36.655015874612744
519853092,12,293,33.027596861852864
519853098,12,294,14.991744460300353
519853104,12,295,34.05038145489711
519853110,12,296,26.323589152918544
519853116,12,297,33.24089088764398
519853122,12,298,25.208116363593984
519853128,12,299,23.825211050842952
519853134,12,300,38.41038406058097
519853140,12,301,17.711011490879674
519853146,12,302,33.917522328635414
519853152,12,303,24.274351760240204
519853158,12,304,6.495470348578243
519853164,12,305,5.55263664583476
519853170,12,306,16.63743264925877
519853176,12,307,20.776693603309937
519853182,12,308,27.07759550891679
519853188,12,309,26.089061205006917
519853194,12,310,19.12730044341117
519853200,12,311,27.369704532802718
519853206,12,312,19.75970630722129
519853212,12,313,32.51959802143138
519853218,12,314,34.64697574330849
519853224,12,315,24.42171652384024
519853230,12,316,21.61999465122735
519853236,12,317,22.961611730461975
519853242,12,318,18.65390420123645
519853248,12,319,56.529253243293425
519853254,12,320,23.142516971441786
519853260,12,321,19.804683710422484
519853266,12,322,24.02874883889395
519853272,12,323,30.1411265362698
519853278,12,324,25.57161515793093
519853284,12,325,47.880162991343916
519853290,12,326,4.391092163450944
519853296,12,327,1.6205800569945756
519853302,12,328,37.09108959907274
519853308,12,329,31.442816065817354
519853314,12,330,30.876432134085327
519853320,12,331,25.245906577556475
519853326,12,332,9.856409648165922
519853332,12,333,29.347404799080504
519853338,12,334,28.36795957780707
519853344,12,335,24.721532483207934
519853350,12,336,34.07449688865584
519853356,12,337,17.684364473889467
519853362,12,338,16.928038520037866
519853368,12,339,24.322785263047464
519853374,12,340,29.339019905265058
519853380,12,341,21.558745910592712
519853386,12,342,34.31172710579709
519853392,12,343,21.611740265690898
519853398,12,344,14.010882985677016
519853404,12,345,35.653655406572035
519853410,12,346,22.53558798383266
519853416,12,347,24.65394024910408
519853422,12,348,19.909706809845595
519853428,12,349,9.030912408117313
519853434,12,350,28.033326847509027
519853440,12,351,43.221575828889556
519853446,12,352,17.139576674760626
519853452,12,353,24.06853316730369
519853458,12,354,20.914429782268144
519853464,12,355,30.475558574218397
519853470,12,356,32.628397093885
519853476,12,357,39.175511360704384
519853482,12,358,13.063532341650884
519853488,12,359,25.151415271174884
519853494,12,360,9.448313217098313
519853500,12,361,27.992075857038678
519853506,12,362,14.127527970924623
519853512,12,363,20.748685426530972
519853518,12,364,20.0952627222606
519853524,12,365,17.84923446916965
519853530,12,366,38.65376044707869
519853536,12,367,27.19367862607116
519853542,12,368,7.3599507901119825
519853548,12,369,26.30838936238139
519853554,12,370,21.124795177187618
519853560,12,371,24.429905917464655
519853566,12,372,30.962121787223712
519853572,12,373,11.912010982325208
519853578,12,374,29.69780543194029
519853584,12,375,23.197774554318094
519853590,12,376,18.354179028870973
519853596,12,377,13.73357537600251
519853602,12,378,11.465351759558324
519853608,12,379,25.055925915157594
519853614,12,380,19.350417518499913
519853620,12,381,30.91365733577953
519853626,12,382,2.80687045094189
519853632,12,383,28.413193225714966
519853638,12,384,29.324615031522303
519853644,12,385,21.681801975078642
519853650,12,386,29.29162122589599
519853656,12,387,18.300103885145475
519853662,12,388,21.35251193418583
519853668,12,389,33.145208143615946
519853674,12,390,13.610325022253512
519853680,12,391,50.43312459968129
519853686,12,392,20.994539695392497
519853692,12,393,40.80186647245102
519853698,12,394,14.127893389165163
519853704,12,395,36.435479173640275
519853710,12,396,20.053649965616756
519853716,12,397,17.732321637297787
519853722,12,398,5.966860555405148
519853728,12,399,26.577042220675825
519853734,12,400,19.495061401308554
519853740,12,401,5.31431963514858
519853746,12,402,7.6071562712549845
519853752,12,403,22.64011299974447
519853758,12,404,10.907420273776925
519853764,12,405,17.82922451078445
519853770,12,406,27.022945662176316
519853776,12,407,23.86051502089397
519853782,12,408,26.199597710492434
519853788,12,409,23.446541820441503
519853794,12,410,31.690830443323925
519853800,12,411,36.825702336212345
519853806,12,412,32.37856521616329
519853812,12,413,33.85366747521616
519853818,12,414,26.417669099628
519853824,12,415,25.214810121938513
519853830,12,416,30.26970296669439
519853836,12,417,38.97020999644623
519853842,12,418,24.1495163038214
519853848,12,419,11.447104899793711
519853854,12,420,8.795618216605936
519853860,12,421,36.53789370507596
519853866,12,422,20.815671369060755
519853872,12,423,33.64789170893084
519853878,12,424,34.33884359241978
519853884,12,425,44.76215894223658
519853890,12,426,26.216111402186087
519853896,12,427,17.209008667069146
519853902,12,428,24.021726016152336
519853908,12,429,43.22652301043226
519853914,12,430,32.83701307582181
519853920,12,431,16.840121047336314
519853926,12,432,36.250386985279846
519853932,12,433,28.510461205916275
519853938,12,434,30.204936627129403
519853944,12,435,22.226929717096112
519853950,12,436,26.407518794745148
519853956,12,437,24.38393805898981
519853962,12,438,19.772855743982507
519853968,12,439,33.13951478370729
519853974,12,440,29.229189843339316
519853980,12,441,7.534042311784555
519853986,12,442,16.90667179858373
519853992,12,443,23.41132615248057
519853998,12,444,26.490021917794632
519854004,12,445,41.43384585996278
519854010,12,446,22.880072496838206
519854016,12,447,20.34971040737243
519854022,12,448,10.086771041735494
519854028,12,449,12.35418263172123
519854034,12,450,42.65569390527236
519854040,12,451,19.56103159806483
519854046,12,452,25.812385273324455
519854052,12,453,6.264679160877801
519854058,12,454,19.490857525134643
519854064,12,455,19.208547230306742
519854070,12,456,33.68874684565825
519854076,12,457,27.954003270141623
519854082,12,458,33.417840759068085
519854088,12,459,25.698120667093484
519854094,12,460,22.081285934939174
519854100,12,461,31.42609832465488
519854106,12,462,-1.0707326798087555
519854112,12,463,19.09181855824878
519854118,12,464,16.32890718384161
519854124,12,465,29.376366320204184
519854130,12,466,26.24929796283496
519854136,12,467,14.817973828576857
519854142,12,468,23.167651068216173
519854148,12,469,39.08216548770149
519854154,12,470,19.50176690975148
519854160,12,471,21.233499035679685
519854166,12,472,31.20539662674802
519854172,12,473,-5.4077672164636965
519854178,12,474,18.273880949841086
519854184,12,475,12.90804946165385
519854190,12,476,28.231335219029503
519854196,12,477,24.395958975202934
519854202,12,478,15.965062465585813
519854208,12,479,25.650048426330766
519854214,12,480,24.643623510407934
519854220,12,481,30.816110968303292
519854226,12,482,43.10380577648218
519854232,12,483,28.47941775175617
519854238,12,484,15.099540403743418
519854244,12,485,29.98367535961981
519854250,12,486,29.94862909325854
519854256,12,487,29.328615818357825
519854262,12,488,30.382151505792415
519854268,12,489,2.955979803091406
519854274,12,490,28.80422240488343
519854280,12,491,45.54685114068966
519854286,12,492,22.20129708047474
519854292,12,493,14.147807683355488
519854298,12,494,28.00862946148809
519854304,12,495,15.85147132889669
519854310,12,496,3.969105265598394
519854316,12,497,19.057546346139496
519854322,12,498,16.77726457745507
519854328,12,499,37.48636278361658
519854334,12,500,28.311649530201223
519854340,12,501,13.894136448145199
519854346,12,502,27.06582845748195
519854352,12,503,40.77538517961273
519854358,12,504,24.607831845784304
519854364,12,505,25.347299975698817
519854370,12,506,18.230210069400922
519854376,12,507,29.082375832250335
519854382,12,508,22.907889465408516
519854388,12,509,19.986133518298956
519854394,12,510,22.839886260989577
519854400,12,511,24.24176742446788
519854406,12,512,18.625783125414685
519854412,12,513,14.318646316854807
519854418,12,514,12.857612789482378
519854424,12,515,31.557453509041846
519854430,12,516,16.062187000677127
519854436,12,517,30.67081077171574
519854442,12,518,23.068984694444016
519854448,12,519,27.356460186464627
519854454,12,520,10.557454488280896
519854460,12,521,10.193774739782752
519854466,12,522,37.06335860545394
519854472,12,523,27.892304323471354
519854478,12,524,43.303044781136826
519854484,12,525,10.828528071932698
519854490,12,526,41.92495350205451
519854496,12,527,32.01014035379293
519854502,12,528,25.48625115749004
519854508,12,529,12.91085675219465
519854514,12,530,27.615498160619005
519854520,12,531,19.488922754248193
519854526,12,532,4.023826842675554
519854532,12,533,45.62876127779252
519854538,12,534,29.420434656460944
519854544,12,535,35.22934415709927
519854550,12,536,-2.0826062719198095
519854556,12,537,18.388211012463444
519854562,12,538,35.872153054514285
519854568,12,539,18.861741806107208
519854574,12,540,23.07166622325147
519854580,12,541,14.769527132509754
519854586,12,542,11.241234300897997
519854592,12,543,34.043668840727626
519854598,12,544,26.514882201123463
519854604,12,545,25.134468993720223
519854610,12,546,18.198017688249053
519854616,12,547,7.899471163907515
519854622,12,548,30.114622860726143
519854628,12,549,16.31997853347707
519854634,12,550,27.579009501814664
519854640,12,551,24.642385590433168
519854646,12,552,28.384340132460824
519854652,12,553,9.295626661747276
519854658,12,554,17.929241616416856
519854664,12,555,16.923186875262147
519854670,12,556,15.779143925066755
519854676,12,557,30.22346234662824
519854682,12,558,14.147550716846455
519854688,12,559,46.637767574409146
519854694,12,560,22.55708529901772
519854700,12,561,14.624429185010722
519854706,12,562,40.4457832139983
519854712,12,563,18.803886715593485
519854718,12,564,27.73576662412902
519854724,12,565,35.857103394134946
519854730,12,566,28.465242987562178
519854736,12,567,2.4169030634383804
519854742,12,568,32.779830575203
519854748,12,569,15.708223552124759
519854754,12,570,29.347918949211156
519854760,12,571,18.58206656247387
519854766,12,572,22.73955788786086
519854772,12,573,11.063756447478088
519854778,12,574,1.4044845482239268
519854784,12,575,14.601677107663157
519854790,12,576,38.99978452343095
519854796,12,577,45.23415930318081
519854802,12,578,13.702383854979814
519854808,12,579,24.400726323387914
519854814,12,580,26.919223003196354
519854820,12,581,30.47130734211568
519854826,12,582,6.789456176642002
519854832,12,583,36.348147733536564
519854838,12,584,24.86710342075498
519854844,12,585,19.17417462151632
519854850,12,586,48.909051338942014
519854856,12,587,9.311358823711563
519854862,12,588,34.56628592749573
519854868,12,589,34.74663212045288
519854874,12,590,29.54416916642256
519854880,12,591,32.58341709126125
519854886,12,592,52.652748397591125
519854892,12,593,26.046480409043994
519854898,12,594,21.93550065196667
519854904,12,595,33.699512174575304
519854910,12,596,-8.297584109039859
519854916,12,597,28.34438608019005
519854922,12,598,28.197397042012373
519854928,12,599,22.800771797444987
519854934,12,600,7.287475687044633
519854940,12,601,11.745005921359574
519854946,12,602,10.059311413230695
519854952,12,603,23.805633048800264
519854958,12,604,8.58203753473829
519854964,12,605,17.925413493630472
519854970,12,606,15.877964005840255
519854976,12,607,37.13000870251491
519854982,12,608,10.00698030957323
519854988,12,609,11.823011002176223
519854994,12,610,30.93352381589154
519855000,12,611,22.49855700801211
519855006,12,612,31.57959124269655
519855012,12,613,17.50270217200641
519855018,12,614,14.426310096086109
519855024,12,615,32.05093564779153
519855030,12,616,41.697680266583745
519855036,12,617,4.70564322843171
519855042,12,618,13.731983039502193
519855048,12,619,22.397292412837427
519855054,12,620,12.057172650510445
519855060,12,621,21.08134264516803
519855066,12,622,17.704197707282113
519855072,12,623,22.932797053041696
519855078,12,624,13.13675282809795
519855084,12,625,20.134997287382163
519855090,12,626,27.08164968449683
519855096,12,627,26.8218547115906
519855102,12,628,16.38416675702007
519855108,12,629,29.642790929322516
519855114,12,630,11.114577056486485
519855120,12,631,-0.7421367510141543
519855126,12,632,33.22859459874179
519855132,12,633,21.00777523354184
519855138,12,634,23.50456534205607
519855144,12,635,40.056516438822655
519855150,12,636,20.352267355804088
519855156,12,637,23.02025623824869
519855162,12,638,41.662657787729515
519855168,12,639,48.279615868750064
519855174,12,640,-2.20099831011077
519855180,12,641,49.21978298452851
519855186,12,642,27.57921689778424
519855192,12,643,29.262627219192034
519855198,12,644,34.21076303791894
519855204,12,645,11.974909065612792
519855210,12,646,31.185209553178176
519855216,12,647,8.059400601878608
519855222,12,648,27.9702413920061
519855228,12,649,21.353912231050124
519855234,12,650,34.28417553073349
519855240,12,651,29.0955084046367
519855246,12,652,24.460938844140333
519855252,12,653,19.700048831538016
519855258,12,654,19.789996271135237
519855264,12,655,23.061133996868847
519855270,12,656,26.869969790701237
519855276,12,657,29.546550345618574
519855282,12,658,27.423661272586486
519855288,12,659,35.28127832978096
519855294,12,660,15.40809177901324
519855300,12,661,21.153394093356226
519855306,12,662,44.807592111183254
519855312,12,663,24.602329870574945
519855318,12,664,2.3675697772260547
519855324,12,665,39.60481398486371
519855330,12,666,20.29138093590106
519855336,12,667,37.01424963977646
519855342,12,668,9.297157778973478
519855348,12,669,36.92912661092412
519855354,12,670,23.651598304290143
519855360,12,671,29.83790812751713
519855366,12,672,21.705924845087416
519855372,12,673,58.34014104486796
519855378,12,674,24.781260820883887
519855384,12,675,21.158592142590486
519855390,12,676,35.429422368867975
519855396,12,677,14.567919399768023
519855402,12,678,20.395977528118102
519855408,12,679,31.683978146029855
519855414,12,680,17.097091625838488
519855420,12,681,32.45348725056595
519855426,12,682,34.974037028974074
519855432,12,683,32.60396426637859
519855438,12,684,30.75814680434488
519855444,12,685,31.969973270253032
519855450,12,686,14.783927910941383
519855456,12,687,31.08223345682059
519855462,12,688,27.88589563691778
519855468,12,689,35.498776743141526
519855474,12,690,29.12067745820287
519855480,12,691,16.888153649759072
519855486,12,692,8.217751510261051
519855492,12,693,24.01449315011945
519855498,12,694,32.109798547439524
519855504,12,695,34.47099325928154
519855510,12,696,27.01960055445649
519855516,12,697,8.698370927919765
519855522,12,698,35.861138376201886
519855528,12,699,8.732140262164695
519855534,12,700,20.450106087700142
519855540,12,701,24.087444751211027
519855546,12,702,13.065298227207172
519855552,12,703,22.86641228445835
519855558,12,704,26.268953431593268
519855564,12,705,36.91654416852708
519855570,12,706,36.96645711297199
519855576,12,707,15.496621150148156
519855582,12,708,40.85526503674779
519855588,12,709,25.794031634349057
519855594,12,710,28.842087181268305
519855600,12,711,30.008038200459545
519855606,12,712,30.288742641499233
519855612,12,713,35.40083380140187
519855618,12,714,42.35005811670352
519855624,12,715,38.15406702335166
519855630,12,716,29.68303594646616
519855636,12,717,18.680889381680103
519855642,12,718,28.354636277783314
519855648,12,719,33.826386288520894
519855654,12,720,27.1106987606871
519855660,12,721,24.516111510137733
519855666,12,722,29.43834985084211
519855672,12,723,36.13619478883779
519855678,12,724,39.11329849784005
519855684,12,725,18.33328679462847
519855690,12,726,20.365602741475442
519855696,12,727,18.803572897681228
519855702,12,728,11.001944106417945
519855708,12,729,16.444142003375838
519855714,12,730,18.0285738657173
519855720,12,731,31.90622874619312
519855726,12,732,35.596829396801965
519855732,12,733,41.826944478680566
519855738,12,734,11.217538068961618
519855744,12,735,23.45939410702502
519855750,12,736,24.220097558957804
519855756,12,737,22.343905844581602
519855762,12,738,37.86810387213255
519855768,12,739,18.632440660271506
519855774,12,740,18.7694908785272
519855780,12,741,37.909204699706315
519855786,12,742,11.95960425481646
519855792,12,743,3.7645807437777243
519855798,12,744,29.93351252956522
519855804,12,745,18.928569596254228
519855810,12,746,24.28334811502712
519855816,12,747,37.48621113253918
519855822,12,748,32.30629903448915
519855828,12,749,22.121906744053653
519855834,12,750,35.500638394201175
519855840,12,751,28.131015300473234
519855846,12,752,8.73797841620031
519855852,12,753,7.629695842270447
519855858,12,754,26.031981612781887
519855864,12,755,26.077021168391
519855870,12,756,32.08164564342988
519855876,12,757,26.39948599178328
519855882,12,758,21.645384744033333
519855888,12,759,41.7129341158175
519855894,12,760,23.34732990872733
519855900,12,761,18.458901088299175
519855906,12,762,9.595110267244667
519855912,12,763,34.50789224596949
519855918,12,764,26.052580773272947
519855924,12,765,7.2215518410165656
519855930,12,766,38.20037443659492
519855936,12,767,29.84714586981413
519855942,12,768,35.50690660198531
519855948,12,769,25.83242292000255
519855954,12,770,12.281606378331135
519855960,12,771,20.885683003711524
519855966,12,772,23.962096197455942
519855972,12,773,13.44825065994672
519855978,12,774,18.733873351212267
519855984,12,775,27.939536635156117
519855990,12,776,29.55234505105651
519855996,12,777,27.684180536225647
519856002,12,778,17.50081122079967
519856008,12,779,25.007567591093636
519856014,12,780,43.31160421166598
519856020,12,781,19.962135812051866
519856026,12,782,13.064014742188384
519856032,12,783,26.36733392492932
519856038,12,784,30.657189928671094
519856044,12,785,19.63633284682288
519856050,12,786,-5.7224566798821535
519856056,12,787,34.279549160256636
519856062,12,788,33.89705880964555
519856068,12,789,24.821135474807647
519856074,12,790,12.497437070481746
519856080,12,791,38.49733011835511
519856086,12,792,7.918905691880837
519856092,12,793,38.68362222986116
519856098,12,794,30.033456892787914
519856104,12,795,18.43784227953311
519856110,12,796,32.10648947440468
519856116,12,797,32.10466650478808
519856122,12,798,28.16448765671438
519856128,12,799,12.45330795122299
519856134,12,800,6.9047590520764714
519856140,12,801,16.0119065239654
519856146,12,802,5.3043203874042115
519856152,12,803,35.76101757651986
519856158,12,804,39.71628255268879
519856164,12,805,14.042780543242767
519856170,12,806,23.179278595318884
519856176,12,807,15.054314550072196
519856182,12,808,28.44153727656733
519856188,12,809,26.998773430038902
519856194,12,810,27.208411421421438
519856200,12,811,33.00762364646343
519856206,12,812,41.269197433837654
519856212,12,813,27.951929134517922
519856218,12,814,38.0028347875406
519856224,12,815,25.147928563127177
519856230,12,816,21.541612127452446
519856236,12,817,13.097345215813384
519856242,12,818,32.48417138563528
519856248,12,819,22.69601417518573
519856254,12,820,19.05251106124496
519856260,12,821,17.704875867675998
519856266,12,822,20.62821537482286
519856272,12,823,25.89323308162957
519856278,12,824,27.121317568175044
519856284,12,825,21.71645287599302
519856290,12,826,32.368887482966024
519856296,12,827,31.58586015731894
519856302,12,828,26.53736763976236
519856308,12,829,47.40011408267591
519856314,12,830,15.157552722674689
519856320,12,831,13.851458965539916
519856326,12,832,12.20792569401606
519856332,12,833,40.41534593069862
519856338,12,834,24.468720184535947
519856344,12,835,26.635563736791305
519856350,12,836,49.2165021458611
519856356,12,837,41.24574205805721
519856362,12,838,26.348455886227963
519856368,12,839,17.798759687674163
519856374,12,840,24.78826450495312
519856380,12,841,32.43683479910471
519856386,12,842,35.60010538085693
519856392,12,843,5.498378862746399
519856398,12,844,47.4664286975977
519856404,12,845,34.733370560089355
519856410,12,846,24.228654711298848
519856416,12,847,12.077587772332942
519856422,12,848,22.904164277628546
519856428,12,849,26.748579315194156
519856434,12,850,39.91333071326195
519856440,12,851,18.05399987299267
519856446,12,852,18.144902048570394
519856452,12,853,23.718646012079514
519856458,12,854,8.593376906040332
519856464,12,855,26.13506114205079
519856470,12,856,32.45230470290272
519856476,12,857,11.261632380480739
519856482,12,858,30.13789604694114
519856488,12,859,18.637250139954745
519856494,12,860,18.44685849193651
519856500,12,861,23.04529968262588
519856506,12,862,35.5171132214877
519856512,12,863,25.218100503049346
519856518,12,864,17.355170488187888
519856524,12,865,27.946354508289964
519856530,12,866,17.542270658962615
519856536,12,867,24.674440018956297
519856542,12,868,2.0596533234864998
519856548,12,869,23.250681611939406
519856554,12,870,19.314132233866573
519856560,12,871,30.781997964394463
519856566,12,872,30.622739198003583
519856572,12,873,15.498755890662094
519856578,12,874,18.693134247540872
519856584,12,875,30.272184886102412
519856590,12,876,20.953594191906035
519856596,12,877,15.828902853279278
519856602,12,878,18.71760593422065
519856608,12,879,32.5889059447353
519856614,12,880,17.668921962244717
519856620,12,881,29.41459772078402
519856626,12,882,29.261765892524004
519856632,12,883,24.6996480876987
519856638,12,884,31.708364009254815
519856644,12,885,17.96992566118235
519856650,12,886,34.82245047675522
519856656,12,887,13.112175138758143
519856662,12,888,29.69227309769062
519856668,12,889,23.136964904160294
519856674,12,890,39.51131191919977
519856680,12,891,14.45329948573999
519856686,12,892,18.753561557699392
519856692,12,893,30.380392006016635
519856698,12,894,21.945090428861356
519856704,12,895,44.2195338705571
519856710,12,896,30.62784797218678
519856716,12,897,28.502013869214554
519856722,12,898,30.951247686012156
519856728,12,899,15.67660946164309
519856734,12,900,18.589738280756407
519856740,12,901,19.872127963647277
519856746,12,902,16.550065732542006
519856752,12,903,43.08913213060626
519856758,12,904,19.974716819737104
519856764,12,905,18.7096533403379
519856770,12,906,33.24606066092349
519856776,12,907,41.19204710273655
519856782,12,908,23.246753860657208
519856788,12,909,15.913556924703451
519856794,12,910,19.74572922337248
519856800,12,911,33.58414693635145
519856806,12,912,34.098508774286344
519856812,12,913,22.729873106694193
519856818,12,914,37.87519011790531
519856824,12,915,26.55807995685763
519856830,12,916,31.338619783258686
519856836,12,917,18.7374845031777
519856842,12,918,40.0802192357782
519856848,12,919,33.37198174611043
519856854,12,920,47.10918393731985
519856860,12,921,25.24857239019281
519856866,12,922,26.283479740670295
519856872,12,923,32.53396426468871
519856878,12,924,28.529254487129368
519856884,12,925,32.92272011676059
519856890,12,926,29.707562062235034
519856896,12,927,22.704631588699307
519856902,12,928,18.633710206264738
519856908,12,929,49.35540695960127
519856914,12,930,8.156243541308621
519856920,12,931,36.274102367001724
519856926,12,932,50.07739339631313
519856932,12,933,28.87436417770432
519856938,12,934,9.842564163433131
519856944,12,935,22.69836792446092
519856950,12,936,20.077162961949917
519856956,12,937,23.378522624201974
519856962,12,938,32.15534153888102
519856968,12,939,26.998348751924038
519856974,12,940,14.237382974875391
519856980,12,941,23.97397536048795
519856986,12,942,30.73407867716339
519856992,12,943,21.14771892266093
519856998,12,944,9.026540056159602
519857004,12,945,34.7420366378142
519857010,12,946,27.050949934144825
519857016,12,947,7.547998140660287
519857022,12,948,2.374111132772617
519857028,12,949,18.049782832101187
519857034,12,950,22.92083286205034
519857040,12,951,24.933353008279095
519857046,12,952,28.053656073960404
519857052,12,953,27.42101088266975
519857058,12,954,32.73300902504737
519857064,12,955,27.37734886153351
519857070,12,956,39.590939702506176
519857076,12,957,36.85740320099274
519857082,12,958,31.951506356420857
519857088,12,959,23.403484376731516
519857094,12,960,39.45026528274075
519857100,12,961,19.644898830591796
519857106,12,962,29.0115925817464
519857112,12,963,17.750014156247875
519857118,12,964,19.763716668282886
519857124,12,965,41.1544473027528
519857130,12,966,32.819179596458405
519857136,12,967,29.831063635008757
519857142,12,968,18.52716239715641
519857148,12,969,24.89281147664278
519857154,12,970,36.98942349178468
519857160,12,971,32.59279613230947
519857166,12,972,15.727956106533508
519857172,12,973,31.49110634008896
519857178,12,974,37.7703608732963
519857184,12,975,29.277941283405912
519857190,12,976,31.960528068770998
519857196,12,977,41.87928310757557
519857202,12,978,24.263145563592808
519857208,12,979,36.410265391364256
519857214,12,980,19.617861694427006
519857220,12,981,38.019008684696786
519857226,12,982,24.314286550276613
519857232,12,983,39.49560557484854
519857238,12,984,37.28092857784572
519857244,12,985,23.364351844786842
519857250,12,986,35.60900356842039
519857256,12,987,29.638454208741734
519857262,12,988,15.924745287501729
519857268,12,989,27.697854587516193
519857274,12,990,28.70090028818068
519857280,12,991,28.414139250115866
519857286,12,992,34.97977816625145
519857292,12,993,30.19033234196311
519857298,12,994,34.93926968649617
519857304,12,995,-1.1393010004377837
519857310,12,996,22.525657587778486
519857316,12,997,29.271750657591273
519857322,12,998,28.771731222012093
519857328,12,999,9.35574205272911
519857334,12,1000,21.755341776638694
519857340,12,1001,11.81263206955553
519857346,12,1002,25.681608918020366
519857352,12,1003,22.883286196202615
519857358,12,1004,25.076547203790852
519857364,12,1005,41.72648446812752
519857370,12,1006,16.1184016877555
519857376,12,1007,15.04455971133963
519857382,12,1008,17.793198789213555
519857388,12,1009,21.114690628464654
519857394,12,1010,26.192108532815414
519857400,12,1011,21.586568538434744
519857406,12,1012,23.07342936019849
519857412,12,1013,29.64354158068578
519857418,12,1014,20.231720585514903
519857424,12,1015,24.24258874487909
519857430,12,1016,9.187853044751005
519857436,12,1017,39.55541952196268
519857442,12,1018,16.40460479338141
519857448,12,1019,8.523608593823267
519857454,12,1020,34.45756045348027
519857460,12,1021,18.44107015778033
519857466,12,1022,25.281271036248487
519857472,12,1023,22.4476002900416
519857478,12,1024,31.96390309832747
519857484,12,1025,46.2210327472038
519857490,12,1026,22.791939969363053
519857496,12,1027,14.823684561685138
519857502,12,1028,46.03682589632252
519857508,12,1029,24.284826335556936
519857514,12,1030,22.290417679503275
519857520,12,1031,26.371473977577807
519857526,12,1032,4.475496792859877
519857532,12,1033,13.386222013227393
519857538,12,1034,32.18022548332412
519857544,12,1035,29.022511320771024
519857550,12,1036,38.63081465394949
519857556,12,1037,38.40674523244827
519857562,12,1038,27.985829086499805
519857568,12,1039,43.94763518564111
519857574,12,1040,19.96186531973617
519857580,12,1041,14.958331995866335
519857586,12,1042,40.82780693798198
519857592,12,1043,18.132972796962882
519857598,12,1044,25.233959061079794
519857604,12,1045,29.8535463982821
519857610,12,1046,28.202748899884003
519857616,12,1047,29.269855247591593
519857622,12,1048,14.995931897212499
519857628,12,1049,4.423294555571176
519857634,12,1050,23.464988552169213
519857640,12,1051,12.05904094159549
519857646,12,1052,29.685909998883815
519857652,12,1053,10.365360030852889
519857658,12,1054,15.879546335187705
519857664,12,1055,24.29121124244037
519857670,12,1056,13.223258813652595
519857676,12,1057,43.68976044233122
519857682,12,1058,28.574802627642885
519857688,12,1059,-6.998153179204989
519857694,12,1060,29.286311420932886
519857700,12,1061,37.29085495059731
519857706,12,1062,23.648158291600836
519857712,12,1063,41.59935572891556
519857718,12,1064,30.82061016147869
519857724,12,1065,28.34136333739085
519857730,12,1066,14.498607931364226
519857736,12,1067,25.098972388503448
519857742,12,1068,16.17320888051305
519857748,12,1069,24.837739671147567
519857754,12,1070,28.9363144123773
519857760,12,1071,26.119739434213493
519857766,12,1072,0.2347976330472603
519857772,12,1073,11.331547905040319
519857778,12,1074,22.879560165586472
519857784,12,1075,20.612891951611438
519857790,12,1076,-1.8366622753367086
519857796,12,1077,18.50882205246817
519857802,12,1078,28.27655478344099
519857808,12,1079,24.968309682163138
519857814,12,1080,32.06522576038972
519857820,12,1081,36.43066144892023
519857826,12,1082,25.362163245012578
519857832,12,1083,29.26311971618376
519857838,12,1084,25.678047372076374
519857844,12,1085,36.680381732581154
519857850,12,1086,34.10619734900027
519857856,12,1087,31.800974742120765
519857862,12,1088,26.957828415137
519857868,12,1089,31.327625942483635
519857874,12,1090,16.211582741366982
519857880,12,1091,27.572845879874862
519857886,12,1092,34.797082891766244
519857892,12,1093,29.89278805641674
519857898,12,1094,24.67224362247515
519857904,12,1095,13.24668707732597
519857910,12,1096,35.11226107451477
519857916,12,1097,10.870968290555084
519857922,12,1098,45.15987870776657
519857928,12,1099,26.456652024254687
519857934,12,1100,48.908009636426684
519857940,12,1101,38.47975899440189
519857946,12,1102,19.085981505406203
519857952,12,1103,37.86627053454792
519857958,12,1104,32.487851455815004
519857964,12,1105,1.6419583553575565
519857970,12,1106,12.48593639658532
519857976,12,1107,23.07077581972391
519857982,12,1108,14.42937189155113
519857988,12,1109,27.685751982718124
519857994,12,1110,25.017486197252097
519858000,12,1111,30.31253332902854
519858006,12,1112,31.304642477231553
519858012,12,1113,20.126314101014028
519858018,12,1114,34.088300436189456
519858024,12,1115,8.68033138739485
519858030,12,1116,14.433939484616843
519858036,12,1117,23.6228674447124
519858042,12,1118,30.625723865890727
519858048,12,1119,21.230411119194034
519858054,12,1120,19.890451560117846
519858060,12,1121,25.60476179460465
519858066,12,1122,31.215711397542503
519858072,12,1123,-4.4128235307068095
519858078,12,1124,9.762332310640913
519858084,12,1125,24.58626504259513
519858090,12,1126,41.99817642040935
519858096,12,1127,13.900248235481897
519858102,12,1128,29.14163837325162
519858108,12,1129,16.881271400748574
519858114,12,1130,6.824129337683667
519858120,12,1131,50.72781130816665
519858126,12,1132,16.768454424926432
519858132,12,1133,32.99135956549605
519858138,12,1134,22.97722307753817
519858144,12,1135,19.9070898870499
519858150,12,1136,17.82410695838419
519858156,12,1137,17.058924646812105
519858162,12,1138,18.062148837517157
519858168,12,1139,22.160059092884243
519858174,12,1140,33.945877856004
519858180,12,1141,29.165399559552757
519858186,12,1142,14.436530993300273
519858192,12,1143,24.6407852767344
519858198,12,1144,26.782040236270838
519858204,12,1145,22.241478906556388
519858210,12,1146,35.05762050995545
519858216,12,1147,42.062237863738545
519858222,12,1148,13.064308223576047
519858228,12,1149,26.333634737492737
519858234,12,1150,27.207775611997086
519858240,12,1151,29.407781084677197
519858246,12,1152,16.552485135282836
519858252,12,1153,38.831714067864255
519858258,12,1154,13.123567154080646
519858264,12,1155,37.7303200531103
519858270,12,1156,38.086685071861524
519858276,12,1157,30.59746515460509
519858282,12,1158,19.69782410076251
519858288,12,1159,30.410513080716708
519858294,12,1160,33.50938937035158
519858300,12,1161,30.172032803192085
519858306,12,1162,24.206085234460385
519858312,12,1163,30.2401690710695
519858318,12,1164,23.94445349676397
519858324,12,1165,23.606489521890385
519858330,12,1166,20.593039908908082
519858336,12,1167,34.96694981344635
519858342,12,1168,35.78986441232269
519858348,12,1169,33.76915242515223
519858354,12,1170,24.939276289561167
519858360,12,1171,30.982851782252023
519858366,12,1172,18.72458241371823
519858372,12,1173,26.118494672033194
519858378,12,1174,33.09122373737239
519858384,12,1175,33.964852861377146
519858390,12,1176,18.660469593197078
519858396,12,1177,34.941760838143225
519858402,12,1178,38.696232558054376
519858408,12,1179,16.398881457722847
519858414,12,1180,29.632870841261326
519858420,12,1181,11.524339541185547
519858426,12,1182,56.337603430955475
519858432,12,1183,45.712660041875
519858438,12,1184,21.647423854485805
519858444,12,1185,35.7529913657375
519858450,12,1186,25.687216633153636
519858456,12,1187,16.120234505542747
519858462,12,1188,30.923674089132206
519858468,12,1189,30.283474842657657
519858474,12,1190,25.78788628672961
519858480,12,1191,33.7617002743107
519858486,12,1192,5.301501407263732
519858492,12,1193,40.247693524957995
519858498,12,1194,24.307042737657135
519858504,12,1195,18.70017711256854
519858510,12,1196,42.512608459320305
519858516,12,1197,16.357150248460503
519858522,12,1198,23.980118042943648
519858528,12,1199,24.57464009952411
519858534,12,1200,30.008154763652826
519858540,12,1201,18.83712069180002
519858546,12,1202,15.299092481750217
519858552,12,1203,31.126826902623066
519858558,12,1204,20.181430000145305
519858564,12,1205,26.64250119729489
519858570,12,1206,20.165127492676895
519858576,12,1207,21.971814294279618
519858582,12,1208,13.630596134002303
519858588,12,1209,26.628489862122045
519858594,12,1210,29.022695608905284
519858600,12,1211,16.877364485894354
519858606,12,1212,19.96242693084947
519858612,12,1213,36.91809423809265
519858618,12,1214,34.844197480913806
519858624,12,1215,10.409930496021516
519858630,12,1216,25.567844820780472
519858636,12,1217,37.255789481512664
519858642,12,1218,26.74230382570907
519858648,12,1219,30.587791975172358
519858654,12,1220,8.595387807485595
519858660,12,1221,24.130827670989127
519858666,12,1222,6.07426480788777
519858672,12,1223,18.49044135191867
519858678,12,1224,27.702589957110654
519858684,12,1225,20.038790751287962
519858690,12,1226,15.875884424970748
519858696,12,1227,17.774390108450824
519858702,12,1228,33.262700760610414
519858708,12,1229,27.883821709748396
519858714,12,1230,30.133171058371254
519858720,12,1231,23.194772009595148
519858726,12,1232,41.287346113735296
519858732,12,1233,29.32716591926282
519858738,12,1234,25.601500908980064
519858744,12,1235,36.59542227236804
519858750,12,1236,31.713817270213728
519858756,12,1237,16.67266640882749
519858762,12,1238,31.862412476012246
519858768,12,1239,14.383387588092674
519858774,12,1240,14.582244289613541
519858780,12,1241,17.05357404429072
519858786,12,1242,43.14295697667331
519858792,12,1243,26.499606790463652
519858798,12,1244,33.31215027432176
519858804,12,1245,23.742883946871324
519858810,12,1246,23.253075457903805
519858816,12,1247,25.343790317557804
519858822,12,1248,17.572906135822716
519858828,12,1249,10.179507765870135
519858834,12,1250,26.522191431701547
519858840,12,1251,20.534367537776244
519858846,12,1252,24.921896151014025
519858852,12,1253,16.85752717833858
519858858,12,1254,32.32250485644792
519858864,12,1255,23.484189822205604
519858870,12,1256,33.771954324056054
519858876,12,1257,26.27007727475124
519858882,12,1258,28.97489189578714
519858888,12,1259,19.703294272099903
519858894,12,1260,31.109300291901473
519858900,12,1261,10.39316760451694
519858906,12,1262,30.851254939670756
519858912,12,1263,24.76570518105036
519858918,12,1264,36.439986227173364
519858924,12,1265,29.07233354640392
519858930,12,1266,30.50937254714413
519858936,12,1267,31.237114730870346
519858942,12,1268,27.084870831752912
519858948,12,1269,10.292966032007946
519858954,12,1270,24.113643025269827
519858960,12,1271,43.104379946657616
519858966,12,1272,27.494640317630473
519858972,12,1273,25.64470089338891
519858978,12,1274,25.854745693326322
519858984,12,1275,26.18810315978324
519858990,12,1276,9.075038681521223
519858996,12,1277,20.109837042525115
519859002,12,1278,23.887646652216723
519859008,12,1279,25.180804767904917
519859014,12,1280,16.41906328104397
519859020,12,1281,34.70860655689321
519859026,12,1282,20.385629542691746
519859032,12,1283,15.730013737595039
519859038,12,1284,24.88063915276643
519859044,12,1285,29.252715357078372
519859050,12,1286,23.107362217112907
519859056,12,1287,18.467667968113638
519859062,12,1288,31.875048397226458
519859068,12,1289,29.54290647108123
519859074,12,1290,21.459069584109173
519859080,12,1291,19.52675035135774
519859086,12,1292,51.900993646336964
519859092,12,1293,19.56171290236136
519859098,12,1294,31.399160598064974
519859104,12,1295,5.563120253977886
519859110,12,1296,29.9725321861591
519859116,12,1297,34.93679259681395
519859122,12,1298,34.0484256924725
519859128,12,1299,32.85966409101664
519859134,12,1300,29.38517124851544
519859140,12,1301,28.58208996306431
519859146,12,1302,18.112893414406088
519859152,12,1303,34.810859776750966
519859158,12,1304,35.94302805584505
519859164,12,1305,12.02858416431119
519859170,12,1306,20.902231983457266
519859176,12,1307,7.967530722730148
519859182,12,1308,24.585490923882446
519859188,12,1309,14.016549164347664
519859194,12,1310,18.648880971870305
519859200,12,1311,26.65983520289813
519859206,12,1312,30.53155606164975
519859212,12,1313,24.80501624335878
519859218,12,1314,25.80886119608384
519859224,12,1315,27.533017005415218
519859230,12,1316,29.47130355717911
519859236,12,1317,29.621067919899396
519859242,12,1318,28.192890378782987
519859248,12,1319,16.64759703390026
519859254,12,1320,33.09339728310097
519859260,12,1321,19.06135107252896
519859266,12,1322,3.783979175308419
519859272,12,1323,24.195035125679986
519859278,12,1324,20.94393151367247
519859284,12,1325,42.93864315262488
519859290,12,1326,29.006172073949408
519859296,12,1327,14.328195054196597
519859302,12,1328,21.789601954942306
519859308,12,1329,37.91593451670696
519859314,12,1330,17.022163571223714
519859320,12,1331,34.94932049561805
519859326,12,1332,12.167467203804659
519859332,12,1333,17.10649305573374
519859338,12,1334,21.749848396308206
519859344,12,1335,26.125212895073357
519859350,12,1336,31.46557132009227
519859356,12,1337,24.54163762600996
519859362,12,1338,36.09249809392935
519859368,12,1339,42.7724768498057
519859374,12,1340,25.453465791543067
519859380,12,1341,12.77749647326797
519859386,12,1342,21.57587781634094
519859392,12,1343,28.97901608362915
519859398,12,1344,28.400946174160964
519859404,12,1345,20.370594539297755
519859410,12,1346,15.42150042678922
519859416,12,1347,24.48113832332354
519859422,12,1348,30.531118649546578
519859428,12,1349,30.167937631065392
519859434,12,1350,30.15382525136662
519859440,12,1351,17.039319859301845
519859446,12,1352,25.78485810176192
519859452,12,1353,5.887915699438528
519859458,12,1354,21.735920622953557
519859464,12,1355,10.584840172015987
519859470,12,1356,29.934768851766243
519859476,12,1357,21.110016804619654
519859482,12,1358,25.135302416053452
519859488,12,1359,22.313567123801814
519859494,12,1360,28.03944331625403
519859500,12,1361,23.792189722347295
519859506,12,1362,28.766730816252522
519859512,12,1363,31.55945924898308
519859518,12,1364,23.181407192626292
519859524,12,1365,21.064978198348946
519859530,12,1366,42.79419163292297
519859536,12,1367,28.308923448621186
519859542,12,1368,28.744853991831462
519859548,12,1369,34.59740163025328
519859554,12,1370,27.506630120306628
519859560,12,1371,18.74319399039348
519859566,12,1372,37.72208078563517
519859572,12,1373,22.73316369146398
519859578,12,1374,26.8843862623627
519859584,12,1375,22.360444003133303
519859590,12,1376,19.127619206846337
519859596,12,1377,26.82933248327899
519859602,12,1378,40.31405109058595
519859608,12,1379,10.950860517168744
519859614,12,1380,26.615110969789
519859620,12,1381,26.671008105764336
519859626,12,1382,20.11855260965328
519859632,12,1383,-3.8601722932295255
519859638,12,1384,25.27454829304499
519859644,12,1385,25.973621317173155
519859650,12,1386,25.581616710972305
519859656,12,1387,28.354712064078672
519859662,12,1388,35.2547976674584
519859668,12,1389,18.255191440108188
519859674,12,1390,21.305374551620687
519859680,12,1391,2.042356871124137
519859686,12,1392,18.97073148158414
519859692,12,1393,27.98803309297292
519859698,12,1394,15.534916156979902
519859704,12,1395,27.007053023603163
519859710,12,1396,24.6276885083536
519859716,12,1397,43.619115779211526
519859722,12,1398,24.920810217110624
519859728,12,1399,20.68036196123289
519859734,12,1400,13.02727935821034
519859740,12,1401,16.871775916195226
519859746,12,1402,32.442527455263495
519859752,12,1403,39.26413860459033
519859758,12,1404,25.376548396501907
519859764,12,1405,13.374170744264534
519859770,12,1406,31.72837697080979
519859776,12,1407,-1.8992245181976228
519859782,12,1408,24.778762826911652
519859788,12,1409,25.6360314158175
519859794,12,1410,17.237147998560776
519859800,12,1411,35.92855652802759
519859806,12,1412,35.603467792106215
519859812,12,1413,19.479267013651363
519859818,12,1414,10.078452271047583
519859824,12,1415,34.965057583846956
519859830,12,1416,19.639861240097545
519859836,12,1417,42.04400120737158
519859842,12,1418,18.308940509741756
519859848,12,1419,31.38922380074099
519859854,12,1420,25.680062809009222
519859860,12,1421,22.626804289459717
519859866,12,1422,37.87591489475359
519859872,12,1423,20.52145830711298
519859878,12,1424,16.38712804175804
519859884,12,1425,26.884971407510008
519859890,12,1426,26.07165465681241
519859896,12,1427,19.40488255079259
519859902,12,1428,10.119264969700428
519859908,12,1429,16.037276594179822
519859914,12,1430,36.63684951006996
519859920,12,1431,32.50776511432686
519859926,12,1432,32.34108706791431
519859932,12,1433,30.8675370012864
519859938,12,1434,34.84293945586444
519859944,12,1435,14.24432989897488
519859950,12,1436,30.539499987679946
519859956,12,1437,45.147700956774436
519859962,12,1438,24.576738142476675
519859968,12,1439,18.6342462787756
519859974,12,1440,27.080112619191876
519859980,12,1441,11.777449484086082
519859986,12,1442,18.548836621033917
519859992,12,1443,24.842651596455156
519859998,12,1444,24.43606601376113
519860004,12,1445,14.154202628001881
519860010,12,1446,27.4691995021685
519860016,12,1447,28.070209500970726
519860022,12,1448,15.158234347866333
519860028,12,1449,28.071620528323947
519860034,12,1450,24.75937289978893
519860040,12,1451,28.098944879915837
519860046,12,1452,16.6628554533604
519860052,12,1453,39.652983363755716
519860058,12,1454,38.3335708333894
519860064,12,1455,41.83043959752062
519860070,12,1456,-0.3310538761117492
519860076,12,1457,32.090839867319666
519860082,12,1458,29.03550742532975
519860088,12,1459,4.80105727882439
519860094,12,1460,25.859791291041542
519860100,12,1461,33.80579084784889
519860106,12,1462,32.619600175394446
519860112,12,1463,28.20196725905998
519860118,12,1464,22.779609804330427
519860124,12,1465,6.51132522291276
519860130,12,1466,22.801974534577845
519860136,12,1467,24.84219570507661
519860142,12,1468,26.137381451048647
519860148,12,1469,34.90125295657688
519860154,12,1470,24.082690373999142
519860160,12,1471,30.293934667089935
519860166,12,1472,34.28760335237957
519860172,12,1473,35.19759062308351
519860178,12,1474,32.821933758885784
519860184,12,1475,46.578059811062346
519860190,12,1476,29.9893685606471
519860196,12,1477,30.298729406497294
519860202,12,1478,25.419743482499413
519860208,12,1479,60.31368970785722
519860214,12,1480,31.038989772003013
519860220,12,1481,28.601632942687452
519860226,12,1482,19.11688725956594
519860232,12,1483,12.528548576821166
519860238,12,1484,36.27534499126408
519860244,12,1485,14.810819971820393
519860250,12,1486,4.79293253350782
519860256,12,1487,19.44655959399742
519860262,12,1488,26.119521898757743
519860268,12,1489,22.486244878531515
519860274,12,1490,22.91061238185608
519860280,12,1491,35.02216321419494
519860286,12,1492,35.3618139333838
519860292,12,1493,23.92739390110373
519860298,12,1494,36.793505127711484
519860304,12,1495,18.99382438725657
519860310,12,1496,25.796147641996924
519860316,12,1497,24.681889094366316
519860322,12,1498,21.11532170455073
519860328,12,1499,20.659677003664267
519860334,12,1500,15.042845337800618
519860340,12,1501,5.9231742929700175
519860346,12,1502,35.94842702570014
519860352,12,1503,14.311251891581406
519860358,12,1504,28.122784668770453
519860364,12,1505,12.094150090128664
519860370,12,1506,34.611961788702395
519860376,12,1507,19.223171915527722
519860382,12,1508,21.51627646728998
519860388,12,1509,21.46841739337479
519860394,12,1510,29.689672322375774
519860400,12,1511,25.426351328588442
519860406,12,1512,30.4958254139399
519860412,12,1513,18.162885686214807
519860418,12,1514,30.961957206222507
519860424,12,1515,5.4901485020322855
519860430,12,1516,30.192721695914685
519860436,12,1517,24.082304493558457
519860442,12,1518,26.49168750634935
519860448,12,1519,22.959838527190573
519860454,12,1520,27.09171276471277
519860460,12,1521,9.697823971339373
519860466,12,1522,29.255748004580653
519860472,12,1523,20.42968635881976
519860478,12,1524,14.51970893795028
519860484,12,1525,32.9157168629426
519860490,12,1526,18.404103731011972
519860496,12,1527,15.662753651032032
519860502,12,1528,25.87324679211163
519860508,12,1529,30.210563385102137
519860514,12,1530,29.87870164311375
519860520,12,1531,16.882106427649557
519860526,12,1532,16.877824803282373
519860532,12,1533,19.64096208461342
519860538,12,1534,14.322353570131796
519860544,12,1535,21.877985293558158
519860550,12,1536,29.91706244869096
519860556,12,1537,33.3133816166025
519860562,12,1538,39.57702184361878
519860568,12,1539,38.93752310930027
519860574,12,1540,40.30914011387738
519860580,12,1541,43.03110282605364
519860586,12,1542,14.529931991332354
519860592,12,1543,35.27269696617492
519860598,12,1544,39.20155995261149
519860604,12,1545,17.77460102626759
519860610,12,1546,30.522774025212563
519860616,12,1547,23.900848536638172
519860622,12,1548,26.901648092211556
519860628,12,1549,11.229173214685954
519860634,12,1550,8.060408431148787
519860640,12,1551,28.92985386731581
519860646,12,1552,35.29978322640129
519860652,12,1553,17.233974846465994
519860658,12,1554,23.826020668858064
519860664,12,1555,26.593964986031125
519860670,12,1556,16.617846133192934
519860676,12,1557,18.511262506209036
519860682,12,1558,30.56812186081506
519860688,12,1559,18.764430055140856
519860694,12,1560,34.57773410339681
519860700,12,1561,13.006964809583682
519860706,12,1562,8.09623228324913
519860712,12,1563,20.175812923670815
519860718,12,1564,23.421719027644077
519860724,12,1565,25.384096265112028
519860730,12,1566,25.3499010594008
519860736,12,1567,22.647584071135462
519860742,12,1568,21.58141507367327
519860748,12,1569,21.066234246742532
519860754,12,1570,20.631231814333283
519860760,12,1571,24.71751265715927
519860766,12,1572,5.163819465542636
519860772,12,1573,25.565026625788956
519860778,12,1574,20.65944635830803
519860784,12,1575,18.529729921573427
519860790,12,1576,32.13009015938832
519860796,12,1577,15.9642612221841
519860802,12,1578,10.151441491872022
519860808,12,1579,11.74841206168274
519860814,12,1580,52.76028800228863
519860820,12,1581,24.770918347426026
519860826,12,1582,20.611213766637338
519860832,12,1583,31.42708819759916
519860838,12,1584,31.693675115623236
519860844,12,1585,38.01009126213057
519860850,12,1586,15.24869031414853
519860856,12,1587,-0.9179682601563046
519860862,12,1588,24.34644931985814
519860868,12,1589,24.35041933285389
519860874,12,1590,20.261287966346547
519860880,12,1591,39.94661459922193
519860886,12,1592,18.783999676556963
519860892,12,1593,34.81676095463169
519860898,12,1594,40.46578848494285
519860904,12,1595,33.935825205830405
519860910,12,1596,30.43756500208724
519860916,12,1597,23.66956685945439
519860922,12,1598,25.262004792170973
519860928,12,1599,27.99556077660305
519860934,12,1600,21.924339689796053
519860940,12,1601,14.375857221175568
519860946,12,1602,34.85067451240336
519860952,12,1603,21.61400212455858
519860958,12,1604,49.89542616669225
519860964,12,1605,30.971922080083843
519860970,12,1606,5.545872053757327
519860976,12,1607,22.06931597966473
519860982,12,1608,18.71272988709228
519860988,12,1609,36.948399289542856
519860994,12,1610,35.943025322866816
519861000,12,1611,16.10705718964989
519861006,12,1612,15.483427072416267
519861012,12,1613,32.744320891628945
519861018,12,1614,31.922366337855355
519861024,12,1615,22.164237127139142
519861030,12,1616,25.058665229546513
519861036,12,1617,32.55555375391142
519861042,12,1618,30.924869782528155
519861048,12,1619,35.286586122021475
519861054,12,1620,31.33802996215501
519861060,12,1621,39.7444527095513
519861066,12,1622,21.464340477270113
519861072,12,1623,25.430457404639476
519861078,12,1624,41.03030444015101
519861084,12,1625,28.326420326778074
519861090,12,1626,36.862690639280366
519861096,12,1627,16.021562597909323
519861102,12,1628,29.332527813652703
519861108,12,1629,33.172684422846196
519861114,12,1630,16.117589215586005
519861120,12,1631,23.377531002859648
519861126,12,1632,22.858115682013842
519861132,12,1633,7.880502126069741
519861138,12,1634,18.895498366568486
519861144,12,1635,11.916500288807862
519861150,12,1636,36.357157588811496
519861156,12,1637,23.130583093696163
519861162,12,1638,50.2179698602172
519861168,12,1639,43.231725088362296
519861174,12,1640,13.033048511416231
519861180,12,1641,11.4964448635894
519861186,12,1642,25.651367971588613
519861192,12,1643,19.561806327601566
519861198,12,1644,14.484214961890832
519861204,12,1645,27.214388778880682
519861210,12,1646,25.520806970811066
519861216,12,1647,30.680772048796292
519861222,12,1648,25.103737156722147
519861228,12,1649,21.509868639245116
519861234,12,1650,19.822105702613186
519861240,12,1651,26.03763760684716
519861246,12,1652,8.362875658633765
519861252,12,1653,30.59439651334936
519861258,12,1654,22.97136011758578
519861264,12,1655,41.59565409483729
519861270,12,1656,18.90796176581118
519861276,12,1657,32.96635029460703
519861282,12,1658,31.243797041815764
519861288,12,1659,18.579405122130364
519861294,12,1660,17.957486525013767
519861300,12,1661,31.19310214577594
519861306,12,1662,17.501060264187302
519861312,12,1663,14.833602728390039
519861318,12,1664,27.988387067511916
519861324,12,1665,23.620594790295925
519861330,12,1666,19.371114788944617
519861336,12,1667,8.9786613461362
